"Refs","Value","Footprint","Qty","DNP"
"C1","47uF/25V low-ESR","Capacitor_SMD:CP_Elec_6.3x5.8","1",""
"C2,C4,C11,C21","100nF/25V","Capacitor_SMD:C_0603_1608Metric","4",""
"C3","22uF/25V","Capacitor_SMD:C_1206_3216Metric","1",""
"C10,C20","10uF/25V","Capacitor_SMD:C_1206_3216Metric","2",""
"C12,C13,C23,C24","22uF/10V","Capacitor_SMD:C_0805_2012Metric","4",""
"C14","3.3nF","Capacitor_SMD:C_0603_1608Metric","1",""
"C22","100nF BOOT","Capacitor_SMD:C_0603_1608Metric","1",""
"C25","75pF C0G","Capacitor_SMD:C_0603_1608Metric","1",""
"C26","10uF/10V ADS IN","Capacitor_SMD:C_0805_2012Metric","1",""
"C27","100nF ADS IN","Capacitor_SMD:C_0603_1608Metric","1",""
"C28","10uF/10V INA IN","Capacitor_SMD:C_0805_2012Metric","1",""
"C29","100nF INA IN","Capacitor_SMD:C_0603_1608Metric","1",""
"C30","10uF/10V RAW","Capacitor_SMD:C_0805_2012Metric","1",""
"C31","100nF RAW","Capacitor_SMD:C_0603_1608Metric","1",""
"C32","10uF A bulk","Capacitor_SMD:C_0805_2012Metric","1",""
"C33","100nF A","Capacitor_SMD:C_0603_1608Metric","1",""
"C34","10uF D bulk","Capacitor_SMD:C_0805_2012Metric","1",""
"C35","100nF D","Capacitor_SMD:C_0603_1608Metric","1",""
"C40","10uF VIN","Capacitor_SMD:C_0805_2012Metric","1",""
"C41","10uF VREG","Capacitor_SMD:C_0805_2012Metric","1",""
"C42","10uF VOUT","Capacitor_SMD:C_0805_2012Metric","1",""
"C43","1uF REF","Capacitor_SMD:C_0603_1608Metric","1",""
"C44","1uF BYP","Capacitor_SMD:C_0603_1608Metric","1",""
"C50","2.2uF IN","Capacitor_SMD:C_0603_1608Metric","1",""
"C51","4.7uF OUT","Capacitor_SMD:C_0603_1608Metric","1",""
"C60","10uF +5V bulk","Capacitor_SMD:C_0805_2012Metric","1",""
"C61","100nF +5V","Capacitor_SMD:C_0603_1608Metric","1",""
"C62","10uF -5V bulk","Capacitor_SMD:C_0805_2012Metric","1",""
"C63","100nF -5V","Capacitor_SMD:C_0603_1608Metric","1",""
"C70","4.7nF SHIELD","Capacitor_SMD:C_0603_1608Metric","1",""
"C71","10uF/25V USB","Capacitor_SMD:C_1206_3216Metric","1",""
"C72","100nF MUX SS","Capacitor_SMD:C_0603_1608Metric","1",""
"C73","10uF/25V MUX OUT","Capacitor_SMD:C_1206_3216Metric","1",""
"C74","47nF BTST1","Capacitor_SMD:C_0603_1608Metric","1",""
"C75","47nF BTST2","Capacitor_SMD:C_0603_1608Metric","1",""
"C76","4.7uF REGN","Capacitor_SMD:C_0603_1608Metric","1",""
"C77-C79","10uF/25V PMID","Capacitor_SMD:C_1206_3216Metric","3",""
"C80","100nF PMID","Capacitor_SMD:C_0603_1608Metric","1",""
"C81-C85","10uF/16V SYS","Capacitor_SMD:C_1206_3216Metric","5",""
"C86","100nF SYS","Capacitor_SMD:C_0603_1608Metric","1",""
"C87,C88","10uF/16V BAT","Capacitor_SMD:C_1206_3216Metric","2",""
"C89","1nF SDRV","Capacitor_SMD:C_0603_1608Metric","1",""
"C93","2.2uF PBI","Capacitor_SMD:C_0603_1608Metric","1",""
"C94","100nF SHUNT DIFF","Capacitor_SMD:C_0603_1608Metric","1",""
"C95","100nF DSG D-S / TI EVM","Capacitor_SMD:C_0603_1608Metric","1",""
"C96","100nF CHG D-S / TI EVM","Capacitor_SMD:C_0603_1608Metric","1",""
"C97","100nF VC2-VC1 / CELL2","Capacitor_SMD:C_0603_1608Metric","1",""
"C98","100nF VC1-VSS / CELL1","Capacitor_SMD:C_0603_1608Metric","1",""
"C100","100nF/25V VBUS LOCAL","Capacitor_SMD:C_0402_1005Metric","1",""
"C101-C103","10uF/25V VBUS LOCAL","Capacitor_SMD:C_1206_3216Metric","3",""
"C104","1uF VREG_1V2","Capacitor_SMD:C_0603_1608Metric","1",""
"C105","1uF VREG_2V7","Capacitor_SMD:C_0603_1608Metric","1",""
"C106","4.7uF/25V PD VDD","Capacitor_SMD:C_0603_1608Metric","1",""
"C107","100nF G-S / SOFT START","Capacitor_SMD:C_0603_1608Metric","1",""
"C108","10uF/16V VSYS_MAIN","Capacitor_SMD:C_1206_3216Metric","1",""
"D1","SMBJ13A / 13V VRWM","Diode_SMD:D_SMB","1",""
"D2","BZT52C10","Diode_SMD:D_SOD-123","1",""
"D3","SMBJ13A / 13V VRWM USB VBUS","Diode_SMD:D_SMB","1",""
"D4","ESDA25W CC ESD / P1,P2=CC P3=GND","Package_TO_SOT_SMD:SOT-323_SC-70","1",""
"D5","LTST-C190KRKT RED / CHG","LED_SMD:LED_0603_1608Metric","1",""
"D6","LTST-C190KGKT GREEN / RUN","LED_SMD:LED_0603_1608Metric","1",""
"D7","BAT54WS-7-F STAT ISOLATION","Diode_SMD:D_SOD-323","1",""
"F1","MF-R250-0-10 2.5A/30V PPTC","R3_Power:Fuse_PTC_MF-R250","1",""
"F2","MF-MSMF260/16X-2 2.6A/16V PPTC","Fuse:Fuse_1812_4532Metric_Pad1.30x3.40mm_HandSolder","1",""
"F3","MF-MSMF250/16X-2 2.5A/16V PPTC","Fuse:Fuse_1812_4532Metric_Pad1.30x3.40mm_HandSolder","1",""
"FB1","BLM31PG601SN1","Inductor_SMD:L_1206_3216Metric_Pad1.22x1.90mm_HandSolder","1",""
"FB2","FB_A / FB-or-0R","Resistor_SMD:R_0805_2012Metric","1",""
"FB3","FB_D / FB-or-0R","Resistor_SMD:R_0805_2012Metric","1",""
"FB4","FB_INA_P / FB-or-0R","Resistor_SMD:R_0805_2012Metric","1",""
"FB5","FB_INA_N / FB-or-0R","Resistor_SMD:R_0805_2012Metric","1",""
"FB6,FB7","BLM31KN601B family / 2A","Inductor_SMD:L_1206_3216Metric_Pad1.22x1.90mm_HandSolder","2",""
"J1","SERVICE / BENCH INPUT 6-12V","Connector_Molex:Molex_Micro-Fit_3.0_43650-0200_1x02_P3.00mm_Horizontal","1",""
"J2","DIGITAL POWER OUT","Connector_Molex:Molex_Micro-Fit_3.0_43650-0600_1x06_P3.00mm_Horizontal","1",""
"J3","ISOLATED POWER OUT","Connector_Molex:Molex_Micro-Fit_3.0_43650-1000_1x10_P3.00mm_Horizontal","1",""
"J4","CONTROL / SERVICE","Connector_Molex:Molex_Micro-Fit_3.0_43650-0400_1x04_P3.00mm_Horizontal","1",""
"J5","PRIMARY AUX DNP","Connector_JST:JST_GH_SM04B-GHS-TB_1x04-1MP_P1.25mm_Horizontal","1","DNP"
"J6","ISOLATED AUX DNP","Connector_JST:JST_GH_SM04B-GHS-TB_1x04-1MP_P1.25mm_Horizontal","1","DNP"
"J7","USB-C POWER INPUT","Connector_USB:USB_C_Receptacle_GCT_USB4105-xx-A_16P_TopMnt_Horizontal","1",""
"J8","2S BATTERY / KEYED / NTC_BMS=103AT-2","Connector_Molex:Molex_Micro-Fit_3.0_43650-0400_1x04_P3.00mm_Horizontal","1",""
"J9","NTC_CHG=103AT-2 / QUIET DGND RETURN","Connector_Molex:Molex_Micro-Fit_3.0_43650-0200_1x02_P3.00mm_Horizontal","1",""
"J10","BATTERY / CHARGER TELEMETRY","Connector_Molex:Molex_Micro-Fit_3.0_43650-1000_1x10_P3.00mm_Horizontal","1",""
"J11","USER PANEL / PRIMARY ONLY","Connector_Molex:Molex_Micro-Fit_3.0_43650-1000_1x10_P3.00mm_Horizontal","1",""
"J12","PRIMARY B2B 2x8 / DNP","Connector_PinHeader_2.54mm:PinHeader_2x08_P2.54mm_Vertical","1","DNP"
"J13","ISOLATED B2B 2x5 / DNP","Connector_PinHeader_2.54mm:PinHeader_2x05_P2.54mm_Vertical","1","DNP"
"L1","2.2uH XFL4020-222ME","R3_Power:L_Coilcraft_XFL4020","1",""
"L2","10uH SRP5030TA-100M","Inductor_SMD:L_Bourns_SRP5030T","1",""
"L3","SRP7028A-1R0M 1uH","Inductor_SMD:L_Bourns_SRP7028A_7.3x6.6mm","1",""
"Q1","DMP3007LSS-13","R3_Power:DMP3007LSS_SO8_LOGICAL","1",""
"Q2","CSD17577Q3AT 30V NMOS DSG","R3_Power:CSD17577Q3A_VSON-8_3.3x3.3mm","1",""
"Q3","CSD17577Q3AT 30V NMOS CHG","R3_Power:CSD17577Q3A_VSON-8_3.3x3.3mm","1",""
"Q4","DMP3007LSS-13 SYSTEM LOAD SWITCH","R3_Power:DMP3007LSS_SO8_LOGICAL","1",""
"R1,R10","100k","Resistor_SMD:R_0603_1608Metric","2",""
"R21","100k 1%","Resistor_SMD:R_0603_1608Metric","1",""
"R22","13.3k 1%","Resistor_SMD:R_0603_1608Metric","1",""
"R40","10k","Resistor_SMD:R_0603_1608Metric","1",""
"R72","1M SHIELD","Resistor_SMD:R_0603_1608Metric","1",""
"R73","44.2k / ILIM typ 2.5A","Resistor_SMD:R_0603_1608Metric","1",""
"R74","100R BATP","Resistor_SMD:R_0603_1608Metric","1",""
"R75","6.04k PROG / 2S PROFILE","Resistor_SMD:R_0603_1608Metric","1",""
"R76","243k ILIM TOP / DEFAULT 0.50A","Resistor_SMD:R_0603_1608Metric","1",""
"R77","100k ILIM BOT","Resistor_SMD:R_0603_1608Metric","1",""
"R78","5.24k TS TOP","Resistor_SMD:R_0603_1608Metric","1",""
"R79","30.31k TS BOT","Resistor_SMD:R_0603_1608Metric","1",""
"R80","10k CHARGE_STATUS PU","Resistor_SMD:R_0603_1608Metric","1",""
"R81","10k INT PU","Resistor_SMD:R_0603_1608Metric","1",""
"R82","10k MUX ST PU","Resistor_SMD:R_0603_1608Metric","1",""
"R83","10k ALERT PU","Resistor_SMD:R_0603_1608Metric","1",""
"R84","10k PDO3 OK PU","Resistor_SMD:R_0603_1608Metric","1",""
"R85","0R PD VDD FEED","Resistor_SMD:R_0603_1608Metric","1",""
"R90","100R VC2 / KELVIN","Resistor_SMD:R_0603_1608Metric","1",""
"R91","100R VC1 / KELVIN","Resistor_SMD:R_0603_1608Metric","1",""
"R92","100R TS","Resistor_SMD:R_0603_1608Metric","1",""
"R93","WSL2512R0100FEA 10mR 1W","Resistor_SMD:R_2512_6332Metric_Pad1.40x3.35mm_HandSolder","1",""
"R94,R95","100R KELVIN","Resistor_SMD:R_0603_1608Metric","2",""
"R96,R97","10k I2C","Resistor_SMD:R_0603_1608Metric","2",""
"R98","5.1k DSG GATE / TI EVM","Resistor_SMD:R_0603_1608Metric","1",""
"R99","10M DSG G-S / TI EVM","Resistor_SMD:R_0603_1608Metric","1",""
"R100","5.1k CHG GATE / TI EVM","Resistor_SMD:R_0603_1608Metric","1",""
"R101","10M CHG G-S / TI EVM","Resistor_SMD:R_0603_1608Metric","1",""
"R102","100k G-S / DEFAULT OFF","Resistor_SMD:R_0603_1608Metric","1",""
"R103","10k GATE SERIES","Resistor_SMD:R_0603_1608Metric","1",""
"R104","2.2k CHG LED / ~1.3mA","Resistor_SMD:R_0603_1608Metric","1",""
"R105","2.2k RUN LED / ~0.7mA","Resistor_SMD:R_0603_1608Metric","1",""
"SW1","C&K RS282G05A3 / POWER ON","Button_Switch_SMD:SW_SPST_CK_RS282G05A3","1",""
"SW2","QON SERVICE / TL3305AF160QG","Button_Switch_SMD:SW_SPST_TL3305A","1",""
"TP1","SERVICE_IN_RAW","TestPoint:TestPoint_Plated_Hole_D2.0mm","1",""
"TP2","SERVICE_IN_PROT","TestPoint:TestPoint_Plated_Hole_D2.0mm","1",""
"TP3","+3V3_D","TestPoint:TestPoint_Plated_Hole_D2.0mm","1",""
"TP4","PG_3V3_D","TestPoint:TestPoint_Plated_Hole_D2.0mm","1",""
"TP5","+5V_PREISO","TestPoint:TestPoint_Plated_Hole_D2.0mm","1",""
"TP6","+5V_PREISO_ADS","TestPoint:TestPoint_Plated_Hole_D2.0mm","1",""
"TP7","+5V_ISO_RAW","TestPoint:TestPoint_Plated_Hole_D2.0mm","1",""
"TP8","+5V_ISO_A","TestPoint:TestPoint_Plated_Hole_D2.0mm","1",""
"TP9","+5V_ISO_D","TestPoint:TestPoint_Plated_Hole_D2.0mm","1",""
"TP10","GND_ISO","TestPoint:TestPoint_Plated_Hole_D2.0mm","1",""
"TP11","+3V3_A_ISO","TestPoint:TestPoint_Plated_Hole_D2.0mm","1",""
"TP12","+3V3_D_ISO","TestPoint:TestPoint_Plated_Hole_D2.0mm","1",""
"TP13","+5V_INA","TestPoint:TestPoint_Plated_Hole_D2.0mm","1",""
"TP14","-5V_INA","TestPoint:TestPoint_Plated_Hole_D2.0mm","1",""
"TP15","DGND","TestPoint:TestPoint_Plated_Hole_D2.0mm","1",""
"TP16","+5V_PREISO_INA","TestPoint:TestPoint_Plated_Hole_D2.0mm","1",""
"TP20","USB_VBUS_RAW","TestPoint:TestPoint_Plated_Hole_D2.0mm","1",""
"TP21","CHARGER_IN","TestPoint:TestPoint_Plated_Hole_D2.0mm","1",""
"TP22","VSYS_RAW","TestPoint:TestPoint_Plated_Hole_D2.0mm","1",""
"TP23","VSYS_PROT","TestPoint:TestPoint_Plated_Hole_D2.0mm","1",""
"TP24","BAT_POS_RAW","TestPoint:TestPoint_Plated_Hole_D2.0mm","1",""
"TP25","CELL_MID","TestPoint:TestPoint_Plated_Hole_D2.0mm","1",""
"TP26","BAT_NEG_RAW","TestPoint:TestPoint_Plated_Hole_D2.0mm","1",""
"TP27","BMS_SRP_FILT","TestPoint:TestPoint_Pad_D1.0mm","1",""
"TP28","BMS_SRN_FILT","TestPoint:TestPoint_Pad_D1.0mm","1",""
"TP29","NTC_BMS","TestPoint:TestPoint_Plated_Hole_D2.0mm","1",""
"TP30","NTC_CHG","TestPoint:TestPoint_Plated_Hole_D2.0mm","1",""
"TP31","USB_CC1","R3_Power:TestPoint_CC_D0.6mm","1",""
"TP32","USB_CC2","R3_Power:TestPoint_CC_D0.6mm","1",""
"TP33","USB_VBUS_PROT","TestPoint:TestPoint_Plated_Hole_D2.0mm","1",""
"TP34","PD_VDD","TestPoint:TestPoint_Plated_Hole_D2.0mm","1",""
"TP35","PD_VREG_2V7","TestPoint:TestPoint_Plated_Hole_D2.0mm","1",""
"TP36","PD_ALERT_N","TestPoint:TestPoint_Plated_Hole_D2.0mm","1",""
"TP37","PM_I2C_SCL","TestPoint:TestPoint_Plated_Hole_D2.0mm","1",""
"TP38","PM_I2C_SDA","TestPoint:TestPoint_Plated_Hole_D2.0mm","1",""
"TP39","QON_SERVICE","TestPoint:TestPoint_Plated_Hole_D2.0mm","1",""
"TP40","VSYS_MAIN","TestPoint:TestPoint_Plated_Hole_D2.0mm","1",""
"U1","TPS62132RGTR","Package_DFN_QFN:VQFN-16-1EP_3x3mm_P0.5mm_EP1.45x1.45mm","1",""
"U2","TPS54302DDCR","Package_TO_SOT_SMD:SOT-23-6","1",""
"U3","RS3E-0505S/H3","R3_Power:Converter_DCDC_RECOM_RS3E_SIP8","1",""
"U4","ADM7150ACPZ-3.3-R7","R3_Power:LFCSP-8-1EP_3x3mm_P0.5mm_EP1.74x1.45mm","1",""
"U5","TPS7A2033PDBVR","Package_TO_SOT_SMD:SOT-23-5","1",""
"U6","RS3-0505D/H3","R3_Power:Converter_DCDC_RECOM_RS3_SIP8","1",""
"U7","TPS2121RUXR","Package_DFN_QFN:Texas_VQFN-HR-12_2x2.5mm_P0.5mm","1",""
"U8","BQ25798RQM","Package_DFN_QFN:Texas_RQM0029A_VQFN-29_4x4mm_P0.4mm","1",""
"U9","BQ28Z610DRZR","R3_Power:Texas_DRZ0012A_VSON-12","1",""
"U10","STUSB4500QTR","Package_DFN_QFN:QFN-24-1EP_4x4mm_P0.5mm_EP2.7x2.7mm","1",""
"U11","BQ294502 SPACE ONLY / NC / DNP","Package_SON:WSON-6-1EP_2x2mm_P0.65mm_EP1x1.6mm","1","DNP"
